zip_code,city,date,max_temp_f,min_temp_f,condition
90045,Los Angeles,2026-10-09,77.7,71.5,Sunny
90045,Los Angeles,2026-10-10,77.4,70.7,Overcast
90045,Los Angeles,2026-10-11,74.7,62.7,Patchy rain nearby
10001,New York,2026-10-09,72.9,58.3,Sunny
10001,New York,2026-10-10,70.3,58.3,Overcast
10001,New York,2026-10-11,63.2,60.1,Overcast
60601,Chicago,2026-10-09,68.7,61.0,Overcast
60601,Chicago,2026-10-10,75.2,63.8,Overcast
60601,Chicago,2026-10-11,66.4,61.4,Sunny
98101,Seattle,2026-10-09,62.1,52.9,Patchy rain nearby
98101,Seattle,2026-10-10,57.3,47.1,Patchy rain nearby
98101,Seattle,2026-10-11,59.6,44.1,Sunny
33101,Miami,2026-10-09,88.1,83.3,Sunny
33101,Miami,2026-10-10,89.2,84.0,Overcast
33101,Miami,2026-10-11,87.8,84.0,Sunny
77001,Houston,2026-10-09,89.7,70.3,Sunny
77001,Houston,2026-10-10,87.3,71.6,Sunny
77001,Houston,2026-10-11,89.5,72.8,Sunny
85001,Phoenix,2026-10-09,100.5,87.5,Sunny
85001,Phoenix,2026-10-10,92.7,77.5,Patchy rain nearby
85001,Phoenix,2026-10-11,85.3,75.5,Patchy rain nearby
19101,Philadelphia,2026-10-09,71.8,55.2,Overcast
19101,Philadelphia,2026-10-10,72.5,56.3,Overcast
19101,Philadelphia,2026-10-11,62.2,60.3,Overcast
78201,San Antonio,2026-10-09,90.2,72.6,Sunny
78201,San Antonio,2026-10-10,88.8,68.2,Sunny
78201,San Antonio,2026-10-11,89.4,69.4,Sunny
92101,San Diego,2026-10-09,77.3,73.0,Sunny
92101,San Diego,2026-10-10,75.1,72.3,Overcast
92101,San Diego,2026-10-11,73.2,65.3,Patchy rain nearby
75201,Dallas,2026-10-09,89.1,72.1,Sunny
75201,Dallas,2026-10-10,88.1,71.9,Sunny
75201,Dallas,2026-10-11,89.1,73.3,Sunny
95101,San Jose,2026-10-09,91.1,56.6,Sunny
95101,San Jose,2026-10-10,73.9,46.0,Sunny
95101,San Jose,2026-10-11,70.7,44.8,Sunny
78701,Austin,2026-10-09,91.5,74.5,Sunny
78701,Austin,2026-10-10,90.1,71.6,Sunny
78701,Austin,2026-10-11,90.8,70.4,Sunny
30301,Atlanta,2026-10-09,74.5,60.1,Overcast
30301,Atlanta,2026-10-10,64.0,58.5,Light rain shower
30301,Atlanta,2026-10-11,69.7,59.9,Patchy rain nearby
28201,Charlotte,2026-10-09,76.3,65.1,Overcast
28201,Charlotte,2026-10-10,67.5,56.2,Light drizzle
28201,Charlotte,2026-10-11,74.5,64.1,Sunny
43201,Columbus,2026-10-09,74.9,54.6,Sunny
43201,Columbus,2026-10-10,74.8,59.2,Overcast
43201,Columbus,2026-10-11,66.0,58.5,Patchy rain nearby
80201,Denver,2026-10-09,85.1,58.8,Sunny
80201,Denver,2026-10-10,81.2,58.7,Sunny
80201,Denver,2026-10-11,80.9,59.3,Overcast
32801,Orlando,2026-10-09,91.9,74.3,Overcast
32801,Orlando,2026-10-10,92.0,76.5,Overcast
32801,Orlando,2026-10-11,83.8,75.0,Overcast
89101,Las Vegas,2026-10-09,93.9,73.0,Sunny
89101,Las Vegas,2026-10-10,87.6,67.8,Overcast
89101,Las Vegas,2026-10-11,70.5,65.1,Light rain shower
37201,Nashville,2026-10-09,84.4,62.0,Overcast
37201,Nashville,2026-10-10,70.9,59.9,Light rain
37201,Nashville,2026-10-11,68.3,62.8,Light drizzle
